{
  "version": 5,
  "intercept": -1.8091771778495178,
  "hasPaymentWords": 1.0653012504733836,
  "hasAccountWords": -0.14129845719567322,
  "hasUrgencyWords": -0.602114885232393,
  "hasTrustWords": 0.6524492964417477,
  "hasTooGoodWords": 1.023744701192208,
  "hasPlatformWords": 0.24422454017716336,
  "hasLink": 0.0,
  "hasSuspiciousPunctuation": 0.0,
  "ctxPushesExternalPlatform": 1.3784276685383143,
  "ctxDemandsUpfrontPayment": 1.6177925398849022,
  "ctxRequestsSensitiveData": 0.40469473556043095,
  "ctxClaimsMiddlemanWithoutProof": 1.064497624705191,
  "ctxTooGoodToBeTrue": 0.2145922312784316,
  "ctxRepeatedContact3Plus": 0.0,
  "ctxIsSpam": 0.5815996078154372,
  "ctxAsksForStuff": 0.7098905512153968,
  "ctxAdvertising": -0.7105944824494175,
  "tokenWeights": {
    "ng2:cheap coins": 0.1680185521609228,
    "ng2:discord for": 0.1680185521609228,
    "ng2:accounts and": 0.0466698741098537,
    "ng2:can borrow": 1.0723435123543903,
    "ng2:cash for": 0.16186588433707788,
    "ng2:coins accounts": 0.0466698741098537,
    "ng2:for mining": -0.16186588433707788,
    "ng2:for skyblock": 0.0466698741098537,
    "ng2:skyblock coins": 0.0466698741098537,
    "ng2:some cash": 0.16186588433707788,
    "ng2:someone spare": 0.16186588433707788,
    "ng2:spare some": 0.16186588433707788,
    "ng2:want cheap": 0.0466698741098537,
    "ng3:accounts and more": 0.3466698741098537,
    "ng3:can someone spare": 0.16186588433707788,
    "ng3:cash for mining": 0.06186588433707788,
    "ng3:cheap coins": 0.3466698741098537,
    "ng3:coins accounts and": 0.3466698741098537,
    "ng3:discord for skyblock": 0.2466698741098537,
    "ng3:for skyblock coins": 0.3466698741098537,
    "ng3:skyblock coins accounts": 0.3466698741098537,
    "ng3:someone spare some": -0.16186588433707788,
    "ng3:spare some cash": 0.06186588433707788,
    "ng3:want cheap coins": 0.2466698741098537,
    "ng4:can someone spare some": -0.16186588433707788,
    "ng4:coins accounts and more": 1.0466698741098537,
    "ng4:discord for skyblock coins": 1.0466698741098537,
    "ng4:for skyblock coins accounts": 0.0466698741098537,
    "ng4:skyblock coins accounts and": 0.0466698741098537,
    "ng4:some cash for mining": -0.16186588433707788,
    "ng4:someone spare some cash": -0.16186588433707788,
    "ng4:spare some cash for": -0.16186588433707788,
    "ng5:can someone spare some cash": -0.16186588433707788,
    "ng5:discord for skyblock coins accounts": 0.2466698741098537,
    "ng5:skyblock coins accounts and more": 1.0466698741098537,
    "ng5:someone spare some cash for": -0.16186588433707788,
    "ng5:spare some cash for mining": -0.16186588433707788,
    "ng2:can someone": -0.079626682041824,
    "ng2:can get": -0.1902598195647272,
    "ng2:anyone mind": -0.09189327672950304,
    "ng2:diana party": -0.27587740088913404,
    "ng2:get melon": -0.09189327672950304,
    "ng2:giveing can": -0.09189327672950304,
    "ng2:melon armor": -0.09189327672950304,
    "ng2:mind giveing": -0.09189327672950304,
    "ng2:the server": -0.705573934250161,
    "ng2:visit for": -0.2904302650862217,
    "ng3:anyone mind giveing": -0.09189327672950304,
    "ng3:can get melon": -0.09189327672950304,
    "ng3:get melon armor": -0.09189327672950304,
    "ng3:giveing can get": -0.09189327672950304,
    "ng3:mind giveing can": -0.09189327672950304,
    "ng4:anyone mind giveing can": -0.09189327672950304,
    "ng4:can get melon armor": -0.09189327672950304,
    "ng4:giveing can get melon": -0.09189327672950304,
    "ng4:mind giveing can get": -0.09189327672950304,
    "ng5:anyone mind giveing can get": -0.09189327672950304,
    "ng5:giveing can get melon armor": -0.09189327672950304,
    "ng5:mind giveing can get melon": -0.09189327672950304
  }
}